X,Y,code,abbr,name,state_name
74.902663289078774,35.5778986480314,0,POK,POK,Jammu & Kashmir
78.413549415646727,34.299567060263591,3,LE,Leh (Ladakh),Jammu & Kashmir
76.416943143711435,33.958121979512917,4,KR,Kargil,Jammu & Kashmir
74.815462331864197,34.483634138095418,9,BPR,Bandipore,Jammu & Kashmir
74.118969208648352,34.428386010138446,1,KU,Kupwara,Jammu & Kashmir
75.042732983247646,34.296564273775694,11,GB,Ganderbal,Jammu & Kashmir
74.252976826397443,34.089172588051966,8,BR,Baramula,Jammu & Kashmir
75.291281674622297,33.825321909624812,14,AN,Anantnag,Jammu & Kashmir
75.915060810758561,33.545663376516892,18,KW,Kishtwar,Jammu & Kashmir
74.931179910729043,34.11831648419119,10,SR,Srinagar,Jammu & Kashmir
75.027550340174571,33.945866752554153,12,PU,Pulwama,Jammu & Kashmir
74.655968206417171,33.913770302721872,2,BD,Badgam,Jammu & Kashmir
74.23387487787916,33.665058690566802,5,PO,Punch,Jammu & Kashmir
74.857995088035949,33.608846192914612,15,KG,Kulgam,Jammu & Kashmir
74.822043985461903,33.741116112152753,13,SH,Shupiyan,Jammu & Kashmir
75.17028950612854,33.325018745609491,17,RB,Ramban,Jammu & Kashmir
74.359132666993219,33.233059828258448,6,RA,Rajouri,Jammu & Kashmir
74.833356860702565,33.221918915840526,20,RS,Reasi,Jammu & Kashmir
75.678868350295801,33.084960587636786,16,DO,Doda,Jammu & Kashmir
76.366827928750354,32.671586036162658,23,CH,Chamba,Himachal Pradesh
77.627555936936375,32.476328858326355,25,LS,Lahul & Spiti,Himachal Pradesh
75.269781026646612,32.876025806546743,19,UD,Udhampur,Jammu & Kashmir
74.661692541387495,32.779750287512535,21,JA,Jammu,Jammu & Kashmir
75.56562685923609,32.554622318913239,7,KT,Kathua,Jammu & Kashmir
75.02953008599999,32.577134888119247,22,SB,Samba,Jammu & Kashmir
75.400632978580248,32.006041756177183,35,GU,Gurdaspur,Punjab
76.327338351641828,32.091472394270731,24,KA,Kangra,Himachal Pradesh
77.403902393217521,31.897283259344647,26,KU,Kullu,Himachal Pradesh
78.410873478803083,31.59116327875579,34,KI,Kinnaur,Himachal Pradesh
75.874980204473673,31.612432539907221,38,HO,Hoshiarpur,Punjab
74.922834582237712,31.699282581326603,49,AM,Amritsar,Punjab
77.00009536242527,31.624811428023193,27,MA,Mandi,Himachal Pradesh
76.539111823156887,31.65230364778715,28,HA,Hamirpur,Himachal Pradesh
76.223413631047094,31.564240598360779,29,UNA,Una,Himachal Pradesh
77.635969761281373,31.190140449302884,33,SH,Shimla,Himachal Pradesh
75.575276183314941,31.201896745354958,37,JA,Jalandhar,Punjab
76.671682323685758,31.357150718195818,30,BI,Bilaspur,Himachal Pradesh
74.856864615968831,31.313382972671647,50,TT,Tarn Taran,Punjab
78.608221941766615,30.964393162380016,56,UT,Uttarkashi,Uttarakhand
76.495550856249992,31.050675728492738,51,RU,Rupnagar,Punjab
76.918092122446737,31.035103826591961,31,SO,Solan,Himachal Pradesh
76.15761708734189,31.097734977448045,39,PB,Shahid Bhagat Singh Nagar,Punjab
74.41270052739651,30.546263491004432,43,FI,Firozpur,Punjab
75.181913995188054,30.757257432259681,42,MO,Moga,Punjab
79.585691181931693,30.490535299378625,57,CL,Chamoli,Uttarakhand
77.971637647239376,30.460849454914836,60,DD,Dehradun,Uttarakhand
77.434841748869331,30.662184886037359,32,SO,Sirmaur,Himachal Pradesh
75.838872862046955,30.795994802185461,41,LU,Ludhiana,Punjab
76.978940584746084,30.675211283629416,69,PK,Panchkula,Haryana
76.747328719175826,30.669911599279505,52,SAS,Sahibzada Ajit Singh Nagar,Punjab
76.376108025815938,30.644713924699577,40,FT,Fatehgarh Sahib,Punjab
78.543464578712019,30.436231575614656,59,TG,Tehri Garhwal,Uttarakhand
74.782698759977322,30.600049276027466,45,FR,Faridkot,Punjab
79.068111737684987,30.50920438452323,58,RP,Rudraprayag,Uttarakhand
76.777935663235681,30.727889645207302,55,CH,Chandigarh,Chandigarh
80.359229779126082,30.09238939440824,62,PI,Pithoragarh,Uttarakhand
75.872556721452895,30.202804611445,53,SA,Sangrur,Punjab
74.550354966302635,30.270220933762488,44,MU,Muktsar,Punjab
75.510663434301492,30.379693622874054,54,BNL,Barnala,Punjab
75.048739014144303,30.171923183517286,46,BA,Bathinda,Punjab
76.941877481830772,30.315793289066391,70,AM,Ambala,Haryana
77.306172411464502,30.23579458796581,71,YN,Yamunanagar,Haryana
77.548578010693731,29.950017737734932,132,SA,Saharanpur,Uttar Pradesh
79.86473032905603,29.994136028661053,63,BA,Bageshwar,Uttarakhand
78.779224199483764,29.880328864088387,61,PG,Garhwal,Uttarakhand
76.786964680720516,30.033171960301459,72,KU,Kurukshetra,Haryana
78.007188097439212,29.883225273205685,68,HA,Hardwar,Uttarakhand
75.447171331258474,29.888348050250617,47,MA,Mansa,Punjab
73.570255965734219,29.391827240924041,99,GA,Ganganagar,Rajasthan
76.417470246825872,29.806011936403237,73,KT,Kaithal,Haryana
76.883398810412629,29.683074454716404,74,KR,Karnal,Haryana
79.517938688524808,29.686587526498425,64,AL,Almora,Uttarakhand
74.559398310075707,29.263391212314133,100,HA,Hanumangarh,Rajasthan
74.909772877967669,29.594614754906104,79,SI,Sirsa,Haryana
76.316512413530958,29.421306787675611,77,JI,Jind,Haryana
75.599805402608808,29.556542413898956,78,FT,Fatehabad,Haryana
78.392924095478406,29.384594691027257,134,BI,Bijnor,Uttar Pradesh
77.590299729693285,29.444255238255202,133,MU,Muzaffarnagar,Uttar Pradesh
79.45578657343863,29.312632622991465,66,NA,Nainital,Uttarakhand
75.825542526506808,29.203303610558123,80,HI,Hisar,Haryana
80.068769605548113,29.280170883130896,65,CP,Champawat,Uttarakhand
95.881189086439136,28.873675333132788,257,UD,Dibang Valley,Arunachal Pradesh
79.481969112176387,29.035521988991295,67,US,Udham Singh Nagar,Uttarakhand
94.899900753804161,28.830570381662163,252,US,Upper Siang,Arunachal Pradesh
77.307989774806401,29.056827241202754,139,BG,Baghpat,Uttar Pradesh
76.880038745264272,29.042735784132624,76,SNP,Sonipat,Haryana
78.712773448755783,28.7614659226942,135,MO,Moradabad,Uttar Pradesh
77.782883016918817,29.036591987078612,138,ME,Meerut,Uttar Pradesh
79.11677632836475,28.80894798158117,136,RA,Rampur,Uttar Pradesh
76.534614499304553,28.896795273173581,82,RO,Rohtak,Haryana
78.329929144305339,28.810171056535289,137,JP,Jyotiba Phule Nagar,Uttar Pradesh
75.978076684933981,28.704680511546403,81,BH,Bhiwani,Haryana
73.080812623461327,28.185137002035511,101,BI,Bikaner,Rajasthan
94.506981151484197,28.320694244303546,250,WS,West Siang,Arunachal Pradesh
74.576046377563372,28.296539496126542,102,CR,Churu,Rajasthan
77.702877255743061,28.74166854835045,140,GZ,Ghaziabad,Uttar Pradesh
79.431011927621029,28.457269105229244,150,BR,Bareilly,Uttar Pradesh
79.975170985471635,28.541433965277321,151,PI,Pilibhit,Uttar Pradesh
77.086663765823275,28.771193483493668,90,NW,North West,Delhi
76.656395395976716,28.597431969624953,83,JH,Jhajjar,Haryana
77.213517330707205,28.716367148080387,91,NO,North,Delhi
77.278481118043601,28.705822228126479,92,NE,North East,Delhi
78.015854624966863,28.361544540478423,142,BU,Bulandshahar,Uttar Pradesh
77.062639739626249,28.657790143421323,96,WD,West,Delhi
80.670228505373885,28.118996907385284,153,LK,Kheri,Uttar Pradesh
93.932375898008374,28.273098564664611,249,UB,Upper Subansiri,Arunachal Pradesh
77.026223455162693,28.571390161023508,97,SW,South West,Delhi
77.298674593940419,28.630092734188878,93,ED,East,Delhi
77.229821518682272,28.643623386376223,95,CD,Central,Delhi
77.557556048509284,28.392237162804921,141,GB,Gautam Buddha Nagar,Uttar Pradesh
77.211764732095716,28.609299897283353,94,ND,New Delhi,Delhi
77.228858431551402,28.501917603440788,98,SD,South,Delhi
95.146540435438709,28.123536858494816,251,ES,East Siang,Arunachal Pradesh
95.822013615353342,28.26492091429126,258,DV,Lower Dibang Valley,Arunachal Pradesh
76.952502949799381,28.367666143189819,86,GU,Gurgaon,Haryana
75.550252867220891,28.092498328937221,103,JJ,Jhunjhunun,Rajasthan
77.345847803813911,28.351843319180453,88,FR,Faridabad,Haryana
78.942566504416277,28.112745292965727,149,BD,Budaun,Uttar Pradesh
96.84047867708,28.098300832395541,260,AJ,Anjaw,Arunachal Pradesh
79.848044920481712,27.974627125404837,152,SJ,Shahjahanpur,Uttar Pradesh
76.154413937485771,28.153678317167152,84,MA,Mahendragarh,Haryana
81.495853768304045,27.703691929431798,180,BH,Bahraich,Uttar Pradesh
96.229340320422168,27.852719666776924,259,EL,Lohit,Arunachal Pradesh
77.052853283489071,27.984496393429968,87,MW,Mewat,Haryana
93.564389520039867,27.897132592813765,255,LB,Lower Subansiri,Arunachal Pradesh
77.338279655835578,28.059156712255533,89,PW,Palwal,Haryana
75.293366892745183,27.633754847259883,111,SK,Sikar,Rajasthan
78.067066315253257,27.924097078335841,143,AL,Aligarh,Uttar Pradesh
88.533168144011185,27.740066567025291,241,NS,North District,Sikkim
70.899881741198897,27.073737525557391,114,JS,Jaisalmer,Rajasthan
78.848690985009952,27.770931948225655,202,KR,Kanshiram Nagar,Uttar Pradesh
77.622581932247328,27.604162325634775,145,MT,Mathura,Uttar Pradesh
95.627086861134146,27.57815115017867,309,TI,Tinsukia,Assam
92.971783476808994,27.43716724694157,247,EK,East Kameng,Arunachal Pradesh
81.919038555947566,27.709079324055505,181,SV,Shrawasti,Uttar Pradesh
93.451660235364955,27.753215996403526,256,KK,Kurung Kumey,Arunachal Pradesh
80.857708433602795,27.517103352836223,154,SI,Sitapur,Uttar Pradesh
94.776794594497716,27.580162881103327,308,DM,Dhemaji,Assam
91.989912332513555,27.654799114613667,245,TA,Tawang,Arunachal Pradesh
75.716483403034132,26.968287894742257,110,JP,Jaipur,Rajasthan
78.161552673453812,27.58012440671444,144,HT,Mahamaya Nagar,Uttar Pradesh
82.389653393555548,27.471820486088934,182,BP,Balrampur,Uttar Pradesh
80.164387102558962,27.33014368893063,155,HR,Hardoi,Uttar Pradesh
78.708745448896693,27.510823055089972,201,ET,Etah,Uttar Pradesh
92.401577519597481,27.294876223868151,246,WK,West Kameng,Arunachal Pradesh
79.461752850256048,27.430734886376534,159,GR,Farrukhabad,Uttar Pradesh
74.177177782470153,27.064614553057915,112,NA,Nagaur,Rajasthan
95.056728467025863,27.365774604329314,310,DI,Dibrugarh,Assam
96.359908869103904,27.375398917123228,253,CH,Changlang,Arunachal Pradesh
93.583687448002451,27.263143375677984,248,PA,Papum Pare,Arunachal Pradesh
72.785268926932829,26.74724062126937,113,JO,Jodhpur,Rajasthan
88.183191136472516,27.34550594897722,242,WS,West District,Sikkim
88.392469908065181,27.277216038115775,243,SS,South District,Sikkim
84.341876460297257,27.07826517897869,203,WC,West Champaran,Bihar
94.131104340983015,27.167134850153811,307,LA,Lakhimpur,Assam
78.533435452847002,27.182766619903159,147,FI,Firozabad,Uttar Pradesh
82.88576900221959,27.267691899895549,184,SN,Siddharthnagar,Uttar Pradesh
83.539546869719047,27.198983704820154,187,MG,Mahrajganj,Uttar Pradesh
79.053055336962572,27.181547103686992,148,MP,Mainpuri,Uttar Pradesh
82.020638329266774,27.080366748377386,183,GN,Gonda,Uttar Pradesh
88.683827714922515,27.295868710100081,244,ES,East District,Sikkim
78.079684165072777,27.03968692681245,146,AG,Agra,Uttar Pradesh
81.33391675263978,26.937036014046523,176,BB,Barabanki,Uttar Pradesh
83.938695818892683,26.854870926179021,189,KU,Kushinagar,Uttar Pradesh
94.818773179598196,27.006931144418409,311,SI,Sivasagar,Assam
95.445779024250612,26.93934812485028,254,TI,Tirap,Arunachal Pradesh
79.692836407664899,27.013185185253334,160,KJ,Kannauj,Uttar Pradesh
88.382166489120095,26.912167293821735,327,DA,Darjiling,West Bengal
94.230435556419508,26.791458554314978,312,JO,Jorhat,Assam
80.907065166983685,26.841406473875267,157,LU,Lucknow,Uttar Pradesh
82.627914495079423,26.820678035228855,185,BS,Basti,Uttar Pradesh
83.361008558604595,26.656458386511961,188,GR,Gorakhpur,Uttar Pradesh
93.083969056894674,26.803527498218688,306,SO,Sonitpur,Assam
95.020721739563996,26.672808227826035,261,MN,Mon,Nagaland
80.563579743219904,26.60799154733289,156,UN,Unnao,Uttar Pradesh
84.924197159407655,26.617777180181264,204,EC,East Champaran,Bihar
79.098015501701582,26.761703692350441,161,EW,Etawah,Uttar Pradesh
76.953526198198162,26.524771214425233,107,KA,Karauli,Rajasthan
89.076367954492611,26.65947738716595,328,JA,Jalpaiguri,West Bengal
92.254859223462006,26.760713473459777,326,UD,Udalguri,Assam
80.211659973114408,26.391569606691831,164,KN,Kanpur Nagar,Uttar Pradesh
77.703091315520567,26.679991693661165,106,DH,Dhaulpur,Rajasthan
79.480994984091652,26.656415096212108,162,AU,Auraiya,Uttar Pradesh
90.358597378128081,26.6286081333125,320,CH,Chirang,Assam
85.553327697198057,26.585555120533026,206,ST,Sitamarhi,Bihar
81.996173198396804,26.655306439251323,177,FZ,Faizabad,Uttar Pradesh
77.872357194736921,26.41254350741897,419,MO,Morena,Madhya Pradesh
90.052605247742434,26.534697000616823,300,KK,Kokrajhar,Assam
90.642004614350469,26.507427146593571,319,BO,Bongaigaon,Assam
91.351943534958338,26.604250368844323,324,BK,Baksa,Assam
79.8558505369231,26.438749605700252,163,KD,Kanpur Dehat,Uttar Pradesh
93.84269148883817,26.437471349466062,313,GG,Golaghat,Assam
94.797762748718753,26.552984508860192,268,LO,Longleng,Nagaland
94.531859476343854,26.470590370175199,262,MK,Mokokchung,Nagaland
83.834102285733579,26.422320218745163,190,DE,Deoria,Uttar Pradesh
76.463521984903323,26.212021323448454,108,SK,Sawai Madhopur,Rajasthan
92.039976908028009,26.493005358659119,325,DA,Darrang,Assam
86.223946393032563,26.402096502219763,207,MB,Madhubani,Bihar
82.017357998736713,26.276334654421241,179,SU,Sultanpur,Uttar Pradesh
82.671797964957833,26.422764104332273,178,AN,Ambedkar Nagar,Uttar Pradesh
85.306285034747276,26.490998762982223,205,SO,Sheohar,Bihar
84.37539967103352,26.442059572843533,217,GO,Gopalganj,Bihar
81.22919478869683,26.228992642516623,158,RB,Rae Bareli,Uttar Pradesh
87.364662429573087,26.197056800005576,209,AR,Araria,Bihar
86.809925675266271,26.244803764170424,208,SU,Supaul,Bihar
94.192267246835826,26.184534195008631,264,WO,Wokha,Nagaland
75.666647109882391,26.142997350373896,120,TO,Tonk,Rajasthan
87.934759681373009,26.292188908847372,210,KI,Kishanganj,Bihar
91.391309634186655,26.346091238259572,323,NL,Nalbari,Assam
92.315719221388235,26.267416572326756,304,MA,Marigaon,Assam
71.473096580691603,25.733659487531938,115,BM,Barmer,Rajasthan
88.158434268009131,25.883273633869024,330,UD,Uttar Dinajpur,West Bengal
90.98978489687461,26.277077817758773,303,BA,Barpeta,Assam
73.519789051595353,25.706581102354868,118,PA,Pali,Rajasthan
94.88824311623047,26.166841973380155,267,TU,Tuensang,Nagaland
86.053260701441019,26.088565458473951,215,DA,Darbhanga,Bihar
79.387676795600029,26.09085724056526,165,JL,Jalaun,Uttar Pradesh
91.356837644752474,26.079543078003475,321,KR,Kamrup,Assam
83.071071788439426,26.045896840548266,191,AZ,Azamgarh,Uttar Pradesh
85.332166489229309,26.151658867638137,216,MZ,Muzaffarpur,Bihar
90.01950487444725,26.090389195715215,301,DB,Dhubri,Assam
84.387461543467467,26.161225190724398,218,SW,Siwan,Bihar
78.147247281806045,26.039071722299177,421,GW,Gwalior,Madhya Pradesh
91.781767625177253,26.08538427760508,322,KM,Kamrup Metropolitan,Assam
94.492420851944843,26.003611212007119,263,ZU,Zunheboto,Nagaland
83.558785545763115,26.044595498288814,192,MB,Mau,Uttar Pradesh
80.808862846004857,25.873033600414178,172,FT,Fatehpur,Uttar Pradesh
84.824652044347317,25.905811614698298,219,SR,Saran,Bihar
90.58641662936391,26.047950965308932,302,GP,Goalpara,Assam
77.009014955031489,25.75279371740961,418,SP,Sheopur,Madhya Pradesh
82.578038520879389,25.745113643072635,194,JU,Jaunpur,Uttar Pradesh
84.10098004948378,25.876135622514955,193,BL,Ballia,Uttar Pradesh
81.828628913624158,25.87367743016452,173,PR,Pratapgarh,Uttar Pradesh
87.405666273977303,25.812953662900924,211,PU,Purnia,Bihar
86.900364026964795,25.822103054193072,213,MP,Madhepura,Bihar
91.90150720246352,25.854345655853731,297,RB,Ri Bhoi,Meghalaya
85.87325820055716,25.773390064355642,221,SM,Samastipur,Bihar
86.592510059700004,25.813215614710717,214,SH,Saharsa,Bihar
94.824099171050364,25.844693328733257,269,KI,Kiphire,Nagaland
94.104412819463789,25.7602998871157,270,KO,Kohima,Nagaland
85.370823969663249,25.761435158756683,220,VA,Vaishali,Bihar
90.684418336060631,25.729256583062703,294,EG,East Garo Hills,Meghalaya
90.176892759019282,25.615835372122632,293,WG,West Garo Hills,Meghalaya
93.778503531866605,25.761782004944479,265,DI,Dimapur,Nagaland
74.728138702469224,25.479762868477106,122,BW,Bhilwara,Rajasthan
78.952732625829327,25.507103260560513,166,JH,Jhansi,Uttar Pradesh
80.562943438815807,25.465447221792711,170,BN,Banda,Uttar Pradesh
77.806225408193697,25.364762344278418,423,SV,Shivpuri,Madhya Pradesh
83.557456382779989,25.62373704631824,195,GP,Ghazipur,Uttar Pradesh
87.641869945838934,25.54814193797645,212,KT,Katihar,Bihar
75.791448814391387,25.48487404494411,121,BU,Bundi,Rajasthan
94.535525362812749,25.648505182492205,266,PH,Phek,Nagaland
91.261365948739382,25.524147503052856,296,WK,West Khasi Hills,Meghalaya
76.106791594405692,25.10707325284557,127,KO,Kota,Rajasthan
93.034746148103906,25.379295123233138,315,NC,Dima Hasao,Assam
72.212703257736933,25.098311497732151,116,JL,Jalor,Rajasthan
86.131341342130654,25.49501165163376,222,BE,Begusarai,Bihar
81.96335656368403,25.306840995961942,175,AH,Allahabad,Uttar Pradesh
92.382550719921454,25.369351742931716,299,JH,Jaintia Hills,Meghalaya
84.102065401143676,25.491599509103924,232,BU,Buxar,Bihar
84.544572890455811,25.469824719039558,231,BJ,Bhojpur,Bihar
85.224802885906726,25.455239121415833,230,PA,Patna,Bihar
86.603905691263776,25.510825404668218,223,KH,Khagaria,Bihar
94.43129855029494,25.009191841146816,279,UK,Ukhrul,Manipur
93.603142379733825,25.481017252299708,271,PE,Peren,Nagaland
91.802774485765553,25.376205928338621,298,EK,East Khasi Hills,Meghalaya
88.578853406267029,25.364900119592502,331,DD,Dakshin Dinajpur,West Bengal
82.916337918116284,25.387913605280371,197,VA,Varanasi,Uttar Pradesh
90.605006308152426,25.31961540542223,295,SG,South Garo Hills,Meghalaya
81.089211340240183,25.202828692223569,171,CT,Chitrakoot,Uttar Pradesh
88.087858585234372,25.13466655759251,332,MA,Maldah,West Bengal
83.260045322272276,25.140762753546582,196,CD,Chandauli,Uttar Pradesh
82.470473361158099,25.342459044869937,198,SR,Sant Ravidas Nagar (Bhadohi),Uttar Pradesh
87.085116529357151,25.269024564710715,224,BG,Bhagalpur,Bihar
86.528001503952453,25.21084812784494,226,MG,Munger,Bihar
93.526809781185449,24.949526199699875,273,TA,Tamenglong,Manipur
85.452461604415475,25.217465261470032,229,NL,Nalanda,Bihar
76.74948520275413,24.994708737591139,128,BR,Baran,Rajasthan
79.665983539369421,24.796554887959829,425,CT,Chhatarpur,Madhya Pradesh
83.608429693831994,24.991973056380491,233,KM,Kaimur (Bhabua),Bihar
84.027962357014758,24.979044792325467,234,RO,Rohtas,Bihar
87.670191234489636,25.012119642708658,352,SA,Sahibganj,Jharkhand
86.135639109114138,25.158302263159506,227,LA,Lakhisarai,Bihar
85.018586164276456,25.155005505633362,239,JE,Jehanabad,Bihar
84.679194462307734,25.163364811571544,240,AR,Arwal,Bihar
85.839515677814347,25.122300269501309,228,SP,Sheikhpura,Bihar
82.618350839970788,24.983066485082929,199,MI,Mirzapur,Uttar Pradesh
78.563163819012956,24.652303432978258,167,LA,Lalitpur,Uttar Pradesh
81.589707049891885,24.752094421281473,430,RE,Rewa,Madhya Pradesh
86.296213745204895,24.782806264474498,238,JA,Jamui,Bihar
92.855387489506882,24.814019468867137,316,CA,Cachar,Assam
84.410790594988498,24.790401289418487,235,AU,Aurangabad,Bihar
86.839560118965409,24.852890786929976,225,BA,Banka,Bihar
77.195558949343422,24.556371618219927,458,GU,Guna,Madhya Pradesh
85.592816874239972,24.808944345149072,237,NW,Nawada,Bihar
73.691707460918536,24.416474501547071,130,UD,Udaipur,Rajasthan
84.936951934547594,24.696921415433636,236,GA,Gaya,Bihar
93.871141747929045,24.767633008640985,277,WI,Imphal West,Manipur
75.141904508896573,24.591254219979977,432,NE,Neemuch,Madhya Pradesh
77.871333716489289,24.607694882944664,459,AS,Ashoknagar,Madhya Pradesh
92.381586124406681,24.581799756470573,317,KR,Karimganj,Assam
83.054147640620116,24.399937995337115,200,SO,Sonbhadra,Uttar Pradesh
92.587198099158968,24.492365502007626,318,HA,Hailakandi,Assam
76.194864629523551,24.334737425657085,129,JW,Jhalawar,Rajasthan
88.23208501382932,24.165216352744636,333,MSD,Murshidabad,West Bengal
87.661166846308859,24.564147849400847,353,PK,Pakaur,Jharkhand
85.696053876129625,24.503407254461994,348,KO,Kodarma,Jharkhand
86.112192826527675,24.29024003888776,349,GI,Giridih,Jharkhand
75.406244405877572,24.203840695987253,433,MS,Mandsaur,Madhya Pradesh
93.977378482730273,24.531270285831628,276,TH,Thoubal,Manipur
93.799116763474714,24.523592246653344,275,BI,Bishnupur,Manipur
93.424631856478882,24.298466317836692,274,CC,Churachandpur,Manipur
82.417238089555553,24.213592674313329,463,SN,Singrauli,Madhya Pradesh
69.923287082048034,23.627126280762194,468,KA,Kachchh,Gujarat
87.268836332503284,24.319587173874066,362,DU,Dumka,Jharkhand
84.168236393957372,24.195964874299126,358,PL,Palamu,Jharkhand
94.090909548901706,24.225897434201059,280,CD,Chandel,Manipur
86.742468499462262,24.327313124424165,350,DE,Deoghar,Jharkhand
81.829931954526572,24.220942321986797,462,SI,Sidhi,Madhya Pradesh
87.665949677316277,23.95541573928362,334,BI,Birbhum,West Bengal
85.422387063914726,24.070633792445211,360,HA,Hazaribagh,Jharkhand
83.697652508118864,24.104028134939078,346,GA,Garhwa,Jharkhand
92.715752727687033,24.136956421451597,282,KO,Kolasib,Mizoram
92.159511992479551,24.136850450685078,292,NT,North Tripura,Tripura
74.655075094493441,24.029049761190588,131,PG,Pratapgarh,Rajasthan
73.163326351281867,23.658068072310375,472,SK,Sabar Kantha,Gujarat
78.760177625241454,23.848841783657541,427,SG,Sagar,Madhya Pradesh
79.528030752409407,23.812249735148622,428,DA,Damoh,Madhya Pradesh
92.886047887580588,23.841141118143742,283,AI,Aizawl,Mizoram
77.814138726237246,23.891814434230863,443,VI,Vidisha,Madhya Pradesh
76.345239796199976,23.578990694483828,436,SJ,Shajapur,Madhya Pradesh
76.732784163330464,23.861084304638492,442,RG,Rajgarh,Madhya Pradesh
81.475903880590238,23.631371664841232,460,SH,Shahdol,Madhya Pradesh
92.458519943286646,23.743525472039249,281,MA,Mamit,Mizoram
91.93228056214123,23.853477328121095,291,DH,Dhalai,Tripura
91.464636394418889,23.804918318920187,289,WT,West Tripura,Tripura
86.912655570489008,23.973968566073957,363,JA,Jamtara,Jharkhand
80.401449664765408,23.750235140511034,450,KA,Katni,Madhya Pradesh
83.217725280283659,23.357660871896282,401,SJ,Surguja,Chhattisgarh
72.467145365771614,23.611010716966231,471,MA,Mahesana,Gujarat
88.521039760323859,23.479643995906642,336,NA,Nadia,West Bengal
80.976248388918307,23.560681531188809,431,UM,Umaria,Madhya Pradesh
93.228020202079094,23.540797629588248,284,CH,Champhai,Mizoram
86.47125396113583,23.825579980289206,354,DH,Dhanbad,Jharkhand
84.44638117147899,23.715872488555412,359,LA,Latehar,Jharkhand
73.855126011528938,23.732819567606413,124,DU,Dungarpur,Rajasthan
85.995551180027476,23.691208800983798,355,BO,Bokaro,Jharkhand
85.564185828607691,23.633799378540459,361,RM,Ramgarh,Jharkhand
82.236473126218741,23.468704252453627,400,KJ,Koriya,Chhattisgarh
74.362342199966434,23.475487962302502,125,BN,Banswara,Rajasthan
75.089305223238824,23.501579975000116,434,RL,Ratlam,Madhya Pradesh
77.391263322371216,23.469634064238345,444,BP,Bhopal,Madhya Pradesh
87.77244954879059,23.426286595999777,335,BR,Barddhaman,West Bengal
91.607257596147306,23.37451782222653,290,ST,South Tripura,Tripura
75.670051097210489,23.330863406095521,435,UJ,Ujjain,Madhya Pradesh
78.122222301048069,23.219019467950943,446,RS,Raisen,Madhya Pradesh
85.373200073219735,23.329325749572227,364,RA,Ranchi,Jharkhand
86.423747588806648,23.275177571961958,340,PU,Puruliya,West Bengal
84.666481632119542,23.474952295219527,356,LO,Lohardaga,Jharkhand
77.128324552315888,22.987023008911052,445,SR,Sehore,Madhya Pradesh
87.139674588881221,23.138460364114586,339,BN,Bankura,West Bengal
84.534498991030333,23.100330389010363,366,GU,Gumla,Jharkhand
79.975768933403742,23.230389817341614,451,JA,Jabalpur,Madhya Pradesh
72.690714794365121,23.261353034516343,473,GA,Gandhinagar,Gujarat
92.945719970206866,23.284523552577749,285,SE,Serchhip,Mizoram
72.198502489597246,22.71461456899247,474,AH,Ahmadabad,Gujarat
73.659617391693942,22.903524981995879,484,PM,Panch Mahals,Gujarat
81.683148180525691,23.055809741734979,461,AP,Anuppur,Madhya Pradesh
92.711132873603361,22.968578536179042,286,LU,Lunglei,Mizoram
81.050637941843235,22.887493094300442,453,DI,Dindori,Madhya Pradesh
76.458038479400869,22.743397343350804,437,DE,Dewas,Madhya Pradesh
73.016341569034481,22.876783146337516,483,KH,Kheda,Gujarat
85.265583720488564,22.991643313837137,365,KH,Khunti,Jharkhand
79.089190826907952,22.93538859644416,452,NA,Narsimhapur,Madhya Pradesh
88.734760673483407,22.718422746405068,337,PN,North Twenty Four Parganas,West Bengal
83.864646203975781,22.799599294289944,402,JA,Jashpur,Chhattisgarh
74.672391834336807,22.891773210361539,464,JH,Jhabua,Madhya Pradesh
88.081513351596371,22.886355390800453,338,HG,Hugli,West Bengal
80.510745715505635,22.637769565951466,454,ML,Mandla,Madhya Pradesh
85.952755052121944,22.844736996388036,369,WK,Saraikela -Kharsawa,Jharkhand
75.104318157779801,22.497215823018365,438,DH,Dhar,Madhya Pradesh
81.960615607812599,22.349084388593187,406,BI,Bilaspur,Chhattisgarh
75.782873610817973,22.71233118399503,439,IN,Indore,Madhya Pradesh
86.449664076167977,22.577632564537602,357,ES,Purbi Singhbhum,Jharkhand
82.60908727390418,22.533967320099951,404,KB,Korba,Chhattisgarh
77.991662653373311,22.589915347883103,449,HO,Hoshangabad,Madhya Pradesh
79.690749677912009,22.316168964733343,456,SO,Seoni,Madhya Pradesh
87.267225632443541,22.414037236573368,344,PM,Paschim Medinipur,West Bengal
85.511245007244213,22.414002197360176,368,WS,Pashchimi Singhbhum,Jharkhand
84.56526648740676,22.580160267401496,367,SI,Simdega,Jharkhand
78.85571070383233,22.122000161809677,455,CN,Chhindwara,Madhya Pradesh
73.53404688852072,22.234206965802979,486,VD,Vadodara,Gujarat
93.003916638471281,22.38334366671398,288,SA,Saiha,Mizoram
88.068038227760312,22.522823323661243,341,HR,Haora,West Bengal
92.703200830651127,22.381037930274356,287,LA,Lawngtlai,Mizoram
72.792088675390417,22.455702722853662,482,AN,Anand,Gujarat
88.354051415508252,22.525887271741894,342,KO,Kolkata,West Bengal
77.125392943625741,22.231770081849593,448,HA,Harda,Madhya Pradesh
86.402637669320598,21.897502940311281,376,MY,Mayurbhanj,Orissa
75.767769889384155,21.911594505135543,440,WN,West Nimar,Madhya Pradesh
84.504267400926707,22.082345449149049,374,SU,Sundargarh,Orissa
81.224116817866133,22.091960357819378,407,KW,Kabirdham,Chhattisgarh
87.786528832387376,22.029759328428231,345,PR,Purba Medinipur,West Bengal
76.571114900473162,21.939725948209283,466,EN,East Nimar,Madhya Pradesh
80.360570763349031,21.879848182312106,457,BL,Balaghat,Madhya Pradesh
82.736018855323607,21.926919856028171,405,JC,Janjgir - Champa,Chhattisgarh
84.280839513780663,21.451394918241025,372,SA,Sambalpur,Orissa
85.699663776463055,21.536583374654089,375,KJ,Kendujhar,Orissa
75.01050732142798,21.794273667413616,441,BR,Barwani,Madhya Pradesh
83.959918509457083,21.807068936351889,371,JH,Jharsuguda,Orissa
74.216452062889758,21.54672586057757,497,NB,Nandurbar,Maharashtra
81.355179865911353,21.194999843323156,409,DU,Durg,Chhattisgarh
69.777649729491728,21.653722636826068,478,PO,Porbandar,Gujarat
86.912925056909714,21.503861997833219,377,BW,Baleshwar,Orissa
82.179901714283531,21.053910779944626,410,RP,Raipur,Chhattisgarh
80.820810081289011,21.038635020179587,408,RN,Rajnandgaon,Chhattisgarh
77.57447505932501,21.18736166229052,503,AM,Amravati,Maharashtra
84.780653745674798,21.465258693129673,373,DE,Debagarh,Orissa
83.366229608714463,21.22650472415328,370,BR,Bargarh,Orissa
79.08470488510963,21.176760198364779,505,NG,Nagpur,Maharashtra
70.567518013320552,21.197401445292346,479,JU,Junagadh,Gujarat
80.216578615176743,21.16209018189722,507,GO,Gondiya,Maharashtra
74.599533043890574,21.109733843737779,498,DH,Dhule,Maharashtra
76.370468219801197,21.375800967082434,467,BU,Burhanpur,Madhya Pradesh
79.759280761615443,21.116490995086448,506,BH,Bhandara,Maharashtra
73.073782076334368,21.267127886150529,492,ST,Surat,Gujarat
73.627695410821289,21.19201378915043,493,TA,Tapi,Gujarat
82.61206380695414,21.208104395964885,411,MA,Mahasamund,Chhattisgarh
75.487743192903338,20.930818010743241,499,JG,Jalgaon,Maharashtra
78.587158642116918,20.79707927432796,504,WR,Wardha,Maharashtra
76.407235166027661,20.504735923126642,500,BU,Buldana,Maharashtra
77.056054144579804,20.749034096172874,501,AK,Akola,Maharashtra
86.61482075334348,20.986803779393117,378,BH,Bhadrak,Orissa
85.526939090988719,20.826366254414179,383,DH,Dhenkanal,Orissa
83.817574058977982,20.929211830638675,392,SO,Subarnapur,Orissa
86.147306075033725,20.858859045911679,382,JP,Jajapur,Orissa
82.598352453387861,20.477239243423234,394,NU,Nuapada,Orissa
83.181259914745254,20.595454204419205,393,BL,Balangir,Orissa
73.094141440050009,20.81432816786965,490,NV,Navsari,Gujarat
84.173597436274918,20.645086629508793,391,BD,Baudh,Orissa
74.067869726045359,20.259611784253739,516,NS,Nashik,Maharashtra
80.242725603039091,19.787709594425891,508,GA,Gadchiroli,Maharashtra
86.609848389617113,20.555515930475366,379,KP,Kendrapara,Orissa
70.936609558050037,20.719809466617228,494,DI,Diu,Daman & Diu
79.442282136264694,20.116584018132329,509,CH,Chandrapur,Maharashtra
85.71757835608031,20.452238859339374,381,CU,Cuttack,Orissa
84.047179572105833,20.125132891726789,390,KN,Kandhamal,Orissa
78.161464399863988,20.081653804649182,510,YA,Yavatmal,Maharashtra
85.002213162859718,20.218376073913355,385,NY,Nayagarh,Orissa
81.123205938135115,20.134004687056976,413,KK,Uttar Bastar Kanker,Chhattisgarh
72.858989797582666,20.41293847281046,495,DA,Daman,Daman & Diu
83.108803027365838,19.86779250146537,395,KL,Kalahandi,Orissa
85.52033051517742,20.091797147788157,386,KH,Khordha,Orissa
86.340207465141688,20.219563393001241,380,JS,Jagatsinghapur,Orissa
84.673765883284219,19.61957762303922,388,GN,Ganjam,Orissa
85.723819145532701,19.876193601727241,387,PU,Puri,Orissa
81.771828865916788,19.422599436006916,414,BA,Bastar,Chhattisgarh
82.335619820315074,19.573100783712899,397,NB,Nabarangapur,Orissa
77.098329022312598,19.639746121023897,512,HI,Hingoli,Maharashtra
74.673052512135513,19.213665095628276,522,AH,Ahmadnagar,Maharashtra
83.509794405051679,19.362247275861396,396,RA,Rayagada,Orissa
81.094884777473155,19.577366776802741,415,NR,Narayanpur,Chhattisgarh
77.615797418190127,19.111789526634944,511,ND,Nanded,Maharashtra
78.976531824104541,19.252876447950069,532,AD,Adilabad,Telangana
76.691986720097503,19.267786601538621,513,PA,Parbhani,Maharashtra
75.833621676019263,18.950831639502436,523,BI,Bid,Maharashtra
80.806605662225934,18.867384207211806,417,BJ,Bijapur,Chhattisgarh
74.071939793995668,18.571286988213611,521,PU,Pune,Maharashtra
72.878489265138825,19.14307531553073,518,MU,Mumbai Suburban,Maharashtra
82.726163995625825,18.804299867356765,398,KO,Koraput,Orissa
81.377876500528828,18.454969283705598,416,DA,Dakshin Bastar Dantewada,Chhattisgarh
83.387654847533,18.4593328819617,543,VZ,Vizianagaram,Andhra Pradesh
84.013877080733778,18.58943992002628,542,SR,Srikakulam,Andhra Pradesh
79.23498972562237,18.548144010412248,534,KA,Karimnagar,Telangana
72.842739180384882,18.989301889207276,519,MC,Mumbai,Maharashtra
78.142929627839806,18.524554313493415,533,NI,Nizamabad,Telangana
81.950972332919449,18.257765758277362,399,ML,Malkangiri,Orissa
76.033767744000102,18.195653481305953,525,OS,Osmanabad,Maharashtra
80.690519798121599,17.594458259066759,541,KH,Khammam,Telangana
79.798951764610692,17.955511442324656,540,WA,Warangal,Telangana
75.483473020902281,17.793625989658644,526,SO,Solapur,Maharashtra
82.68474959849226,17.883179104817213,544,VS,Visakhapatnam,Andhra Pradesh
78.212872576487101,17.885058464844025,535,ME,Medak,Telangana
74.173559260659246,17.668340295238885,527,ST,Satara,Maharashtra
73.454018125694688,17.274623037691541,528,RT,Ratnagiri,Maharashtra
82.00627203377033,17.19101877096162,545,EG,East Godavari,Andhra Pradesh
79.288752023411504,17.066385650836242,539,NA,Nalgonda,Telangana
76.869601187525575,17.257132430747543,579,GU,Gulbarga,Karnataka
78.172503671768155,17.28489333374716,537,RA,Rangareddy,Telangana
74.794592591349712,17.11332974803814,531,SN,Sangli,Maharashtra
78.47041402711109,17.397719473834496,536,HY,Hyderabad,Telangana
81.400374757531267,16.887363083739015,546,WG,West Godavari,Andhra Pradesh
75.953183958963905,16.793685538049751,557,BJ,Bijapur,Karnataka
74.152174095541994,16.489998909756409,530,KO,Kolhapur,Maharashtra
78.147811536196841,16.493668799425105,538,MA,Mahbubnagar,Telangana
80.798838760638816,16.556507734941182,547,KR,Krishna,Andhra Pradesh
76.913299978126403,16.623501590091813,580,YG,Yadgir,Karnataka
80.08058683705805,16.292283157560227,548,GU,Guntur,Andhra Pradesh
75.625902876896987,16.219990172905728,556,BK,Bagalkot,Karnataka
82.257776296119204,16.72096578918886,634,YA,Yanam,Puducherry
73.737760732964205,16.13235251725223,529,SI,Sindhudurg,Maharashtra
76.892962670029746,16.089581461941304,559,RA,Raichur,Karnataka
79.516297469369107,15.615710413048255,549,PR,Prakasam,Andhra Pradesh
78.001032001520798,15.531076272051086,552,KU,Kurnool,Andhra Pradesh
76.22211600724097,15.561694685205644,560,KP,Koppal,Karnataka
75.665977945410688,15.429597946897644,561,GA,Gadag,Karnataka
76.533309300892043,15.10912213258341,565,BL,Bellary,Karnataka
73.980776495929902,15.551576528186251,585,NG,North Goa,Goa
75.153714408950307,15.389168737434419,562,DH,Dharwad,Karnataka
74.620182887172788,14.789705199623461,563,UK,Uttara Kannada,Karnataka
77.574241325549551,14.480524579857383,553,AN,Anantapur,Andhra Pradesh
78.782194457161978,14.462537571415764,551,CU,Y.S.R,Andhra Pradesh
75.4160734950744,14.738378510336304,564,HV,Haveri,Karnataka
79.740572973034318,14.417183708709102,550,NE,Sri Potti Sriramulu Nellore,Andhra Pradesh
76.515854502382325,14.166697825694611,566,CT,Chitradurga,Karnataka
75.951390712034097,14.401905571328619,567,DA,Davanagere,Karnataka
75.220087851335876,14.038651237336291,568,SH,Shimoga,Karnataka
79.005894985038651,13.463722118607816,554,CH,Chittoor,Andhra Pradesh
74.873466764126732,13.488870272541853,569,UD,Udupi,Karnataka
77.834655143914418,13.578799950666895,582,CK,Chikkaballapura,Karnataka
75.692074380058656,13.448300056103701,570,CK,Chikmagalur,Karnataka
78.217507486075945,13.140146993790434,581,KL,Kolar,Karnataka
76.110972185454017,12.995088774960676,574,HS,Hassan,Karnataka
77.57930960616811,13.224971835821387,583,BR,Bangalore Rural,Karnataka
77.590787434805705,12.949884822583398,572,BN,Bangalore,Karnataka
79.011001848888228,12.809861728273539,605,VE,Vellore,Tamilnadu
75.254209398704262,12.845688951890677,575,DK,Dakshina Kannada,Karnataka
80.245219030455175,13.038060593598775,603,CH,Chennai,Tamilnadu
79.940522483787376,12.662456685146752,604,KC,Kancheepuram,Tamilnadu
92.829864123529106,12.602263232218256,639,NA,North & Middle Andaman,Andaman & Nicobar Islands
78.033322427667585,12.488374821771419,631,KR,Krishnagiri,Tamilnadu
79.16960377138679,12.432062965317353,606,TV,Tiruvannamalai,Tamilnadu
75.800961403721388,12.322073151179591,576,KD,Kodagu,Karnataka
76.439947991642327,12.208779175076598,577,MY,Mysore,Karnataka
78.191091418389973,12.097214597654888,630,DH,Dharmapuri,Tamilnadu
79.29048035085367,11.970488354593156,607,VL,Viluppuram,Tamilnadu
77.098889193439987,11.957551647528742,578,CJ,Chamarajanagar,Karnataka
75.521353978267271,11.999112631408471,589,KN,Kannur,Kerala
78.225224058309678,11.676041727077749,608,SA,Salem,Tamilnadu
76.101195319633334,11.706076937404658,590,WA,Wayanad,Kerala
77.41585832347937,11.50299233981354,610,ER,Erode,Tamilnadu
75.835404236304583,11.484427976416759,591,KZ,Kozhikode,Kerala
76.642184673502911,11.457275445771018,611,NI,The Nilgiris,Tamilnadu
78.138530918839209,11.317557873309779,609,NM,Namakkal,Tamilnadu
76.156565652006648,11.13108994376627,592,MA,Malappuram,Kerala
78.891650294246261,11.274095744427388,615,PE,Perambalur,Tamilnadu
79.244453831794701,11.162557429235829,616,AY,Ariyalur,Tamilnadu
76.969768804752235,10.855760455880791,632,CO,Coimbatore,Tamilnadu
77.388901918937407,10.841526301556359,633,TP,Tiruppur,Tamilnadu
76.557631038459377,10.792849307701962,593,PL,Palakkad,Kerala
79.247493914441989,10.676293174813624,620,TJ,Thanjavur,Tamilnadu
78.138494557988224,10.844999535668384,613,KA,Karur,Tamilnadu
79.540013612338981,10.673973667542922,619,TR,Thiruvarur,Tamilnadu
77.820423889913457,10.389034160783552,612,DI,Dindigul,Tamilnadu
76.3187463672094,10.468234214625138,594,TS,Thrissur,Kerala
78.60218373025964,9.916291155217467,622,SI,Sivaganga,Tamilnadu
77.052709972728692,9.842418904696618,596,ID,Idukki,Kerala
77.999674020871751,9.919039903135372,623,MA,Madurai,Tamilnadu
76.545243772698399,10.080643819795885,595,ER,Ernakulam,Kerala
77.419978906197557,9.877577988109461,624,TH,Theni,Tamilnadu
78.679579001580095,9.437554970631762,626,RA,Ramanathapuram,Tamilnadu
76.449750976302241,9.418578069614698,598,AL,Alappuzha,Kerala
76.654032481299112,9.642579037687552,597,KT,Kottayam,Kerala
77.905645545060935,9.492526527598432,625,VR,Virudhunagar,Tamilnadu
76.928226521228339,9.281842859624442,599,PT,Pathanamthitta,Kerala
77.541102560992371,8.796160472380564,628,TI,Tirunelveli,Tamilnadu
78.004027602963177,8.890020605480697,627,TK,Thoothukkudi,Tamilnadu
76.872400931720023,8.957942301859893,600,KL,Kollam,Kerala
77.009187241573088,8.606831084026114,601,TV,Thiruvananthapuram,Kerala
77.35862150599732,8.305831667219193,629,KK,Kanniyakumari,Tamilnadu
93.80555499070212,7.027155377529266,638,NI,Nicobar,Andaman & Nicobar Islands
92.605753223491632,11.447791127707982,640,SA,South Andaman,Andaman & Nicobar Islands
93.154120720975328,26.077492125465799,314,KA,Karbi Anglong,Assam
92.877784495775316,26.20856322510393,305,NG,Nagaon,Assam
83.308851094279774,22.080491065892584,403,RG,Raigarh,Chhattisgarh
73.070662512590204,20.194844037031803,496,DN,Dadra & Nagar Haveli,Dadra & Nagar Haveli
74.118087443696453,15.196439335346545,586,SG,South Goa,Goa
71.249875261291493,21.423829766663545,480,AM,Amreli,Gujarat
72.026302974777934,24.286739661852589,469,BK,Banas Kantha,Gujarat
73.119658390546974,20.417283559018436,491,VL,Valsad,Gujarat
73.701218815916434,20.803815448727487,489,DG,The Dangs,Gujarat
71.541254588327561,22.793767802091619,475,SN,Surendranagar,Gujarat
70.775519781434085,22.262596136559942,476,RA,Rajkot,Gujarat
71.762661082312235,23.768621026656934,470,PA,Patan,Gujarat
73.645559560986143,21.736134411196549,487,NR,Narmada,Gujarat
69.91246661207974,22.252732039896674,477,JA,Jamnagar,Gujarat
72.916125287983434,21.78330726950168,488,BR,Bharuch,Gujarat
74.11041409106241,22.85968581173162,485,DA,Dohad,Gujarat
71.857228753250411,21.670194010115406,481,BV,Bhavnagar,Gujarat
76.929782559186378,29.327605220818,75,PP,Panipat,Haryana
76.556889865585617,28.231314607074435,85,RE,Rewari,Haryana
84.888282702274893,24.172302863031266,347,CH,Chatra,Jharkhand
87.310153197697687,24.858419884216413,351,GO,Godda,Jharkhand
74.823892018659279,16.119553131744897,555,BG,Belgaum,Karnataka
76.948225754182047,13.520646060338464,571,TU,Tumkur,Karnataka
77.336908957585464,12.677343679646158,584,RM,Ramanagara,Karnataka
76.798852369488856,12.610884398168352,573,MA,Mandya,Karnataka
77.224618473419085,17.951110253292573,558,BD,Bidar,Karnataka
75.145535262745895,12.461385262780979,588,KS,Kasaragod,Kerala
72.388933020389075,11.493560895187402,587,LD,Lakshadweep,Lakshadweep
80.832668830339202,24.528002127584866,429,ST,Satna,Madhya Pradesh
80.190995247151875,24.421232502588609,426,PA,Panna,Madhya Pradesh
78.598978305629515,25.801085297924672,422,DT,Datia,Madhya Pradesh
78.723180158217019,26.421200414051661,420,BD,Bhind,Madhya Pradesh
77.872123130606667,21.87817691425516,447,BE,Betul,Madhya Pradesh
74.364706947118279,22.314201811269541,465,AL,Alirajpur,Madhya Pradesh
78.946531727169059,24.988465106433196,424,TI,Tikamgarh,Madhya Pradesh
77.215061661652229,20.228639253656876,502,WS,Washim,Maharashtra
73.152364786806075,19.603566812750699,517,TH,Thane,Maharashtra
73.22618349716852,18.509530923978627,520,RG,Raigarh,Maharashtra
76.75750806122312,18.375770280998363,524,LA,Latur,Maharashtra
75.983487761616701,19.802624596620646,514,JN,Jalna,Maharashtra
75.282670020097513,20.025945811243208,515,AU,Aurangabad,Maharashtra
93.746061770534666,24.795249358025369,278,EI,Imphal East,Manipur
94.037397430346132,25.19190199745637,272,SE,Senapati,Manipur
84.908349132272434,20.987563740919423,384,AN,Anugul,Orissa
84.164008781587739,19.182499649219196,389,GP,Gajapati,Orissa
79.739559194128418,11.911717395087221,635,PO,Puducherry,Puducherry
75.540623061176333,11.724029757877917,636,MA,Mahe,Puducherry
79.804057184712377,10.93229724146126,637,KA,Karaikal,Puducherry
75.421935616395984,31.338263822568905,36,KA,Kapurthala,Punjab
76.356778181837484,30.281415933905237,48,PA,Patiala,Punjab
74.774757352689605,24.822572712189821,126,CT,Chittaurgarh,Rajasthan
77.279966640269876,27.243432609738601,105,BP,Bharatpur,Rajasthan
76.606455019535261,27.58882113777846,104,AL,Alwar,Rajasthan
74.772344743295434,26.229893309653843,119,AJ,Ajmer,Rajasthan
76.508200955055557,26.859641421839338,109,DA,Dausa,Rajasthan
73.892465726262088,25.230070066654999,123,RA,Rajsamand,Rajasthan
72.777107997269226,24.761524259492912,117,SR,Sirohi,Rajasthan
79.451702356708026,11.534334868269926,617,CU,Cuddalore,Tamilnadu
79.740350380296135,10.844098629332681,618,NG,Nagapattinam,Tamilnadu
78.87773961025367,10.364894298000431,621,PU,Pudukkottai,Tamilnadu
79.948281306295669,13.229387517671746,602,TL,Thiruvallur,Tamilnadu
78.574477441234905,10.893359549024016,614,TC,Tiruchirappalli,Tamilnadu
79.87974947071271,25.736849558471771,168,HM,Hamirpur,Uttar Pradesh
81.418389322882021,25.495913178951998,174,KS,Kaushambi,Uttar Pradesh
79.698953797126705,25.348586703356162,169,MH,Mahoba,Uttar Pradesh
83.033293073385451,26.783955587936116,186,SK,Sant Kabir Nagar,Uttar Pradesh
89.345306240466343,26.290536553127041,329,KB,Koch Bihar,West Bengal
88.525622950924088,22.047900393625945,343,PS,South  Twenty Four Parganas,West Bengal
81.810050938820709,20.554632259790242,412,DH,Dhamtari,Chhattisgarh
